<annotation>
	<folder>www.google.com</folder>
	<filename>100.jpg</filename>
	<path>C:\Users\HP\Downloads\www.google.com\100.jpg</path>
	<source>
		<database>Unknown</database>
	</source>
	<size>
		<width>852</width>
		<height>480</height>
		<depth>3</depth>
	</size>
	<segmented>0</segmented>
	<object>
		<name>phone</name>
		<pose>Unspecified</pose>
		<truncated>0</truncated>
		<difficult>0</difficult>
		<bndbox>
			<xmin>289</xmin>
			<ymin>200</ymin>
			<xmax>646</xmax>
			<ymax>381</ymax>
		</bndbox>
	</object>
</annotation>
