<annotation>
	<folder>www.google.com</folder>
	<filename>1075568_mobile-phone-app-finger-15.jpg</filename>
	<path>C:\Users\HP\Downloads\www.google.com\1075568_mobile-phone-app-finger-15.jpg</path>
	<source>
		<database>Unknown</database>
	</source>
	<size>
		<width>580</width>
		<height>387</height>
		<depth>3</depth>
	</size>
	<segmented>0</segmented>
	<object>
		<name>phone</name>
		<pose>Unspecified</pose>
		<truncated>0</truncated>
		<difficult>0</difficult>
		<bndbox>
			<xmin>103</xmin>
			<ymin>169</ymin>
			<xmax>403</xmax>
			<ymax>302</ymax>
		</bndbox>
	</object>
</annotation>
