<annotation>
	<folder>www.google.com</folder>
	<filename>12.jpg</filename>
	<path>C:\Users\HP\Downloads\www.google.com\12.jpg</path>
	<source>
		<database>Unknown</database>
	</source>
	<size>
		<width>852</width>
		<height>480</height>
		<depth>3</depth>
	</size>
	<segmented>0</segmented>
	<object>
		<name>phone</name>
		<pose>Unspecified</pose>
		<truncated>0</truncated>
		<difficult>0</difficult>
		<bndbox>
			<xmin>248</xmin>
			<ymin>141</ymin>
			<xmax>814</xmax>
			<ymax>342</ymax>
		</bndbox>
	</object>
</annotation>
