<annotation>
	<folder>www.google.com</folder>
	<filename>140-2hE1ZhuvKFth6MiuLkww.jpg</filename>
	<path>C:\Users\HP\Downloads\www.google.com\140-2hE1ZhuvKFth6MiuLkww.jpg</path>
	<source>
		<database>Unknown</database>
	</source>
	<size>
		<width>4608</width>
		<height>3456</height>
		<depth>3</depth>
	</size>
	<segmented>0</segmented>
	<object>
		<name>phone</name>
		<pose>Unspecified</pose>
		<truncated>0</truncated>
		<difficult>0</difficult>
		<bndbox>
			<xmin>1506</xmin>
			<ymin>537</ymin>
			<xmax>2923</xmax>
			<ymax>2401</ymax>
		</bndbox>
	</object>
</annotation>
