<annotation>
	<folder>www.google.com</folder>
	<filename>16.jpg</filename>
	<path>C:\Users\HP\Downloads\www.google.com\16.jpg</path>
	<source>
		<database>Unknown</database>
	</source>
	<size>
		<width>852</width>
		<height>480</height>
		<depth>3</depth>
	</size>
	<segmented>0</segmented>
	<object>
		<name>phone</name>
		<pose>Unspecified</pose>
		<truncated>0</truncated>
		<difficult>0</difficult>
		<bndbox>
			<xmin>48</xmin>
			<ymin>6</ymin>
			<xmax>374</xmax>
			<ymax>261</ymax>
		</bndbox>
	</object>
</annotation>
