<annotation>
	<folder>www.google.com</folder>
	<filename>16081226-touch-screen-mobile-phone-in-hand.jpg</filename>
	<path>C:\Users\HP\Downloads\www.google.com\16081226-touch-screen-mobile-phone-in-hand.jpg</path>
	<source>
		<database>Unknown</database>
	</source>
	<size>
		<width>450</width>
		<height>300</height>
		<depth>3</depth>
	</size>
	<segmented>0</segmented>
	<object>
		<name>phone</name>
		<pose>Unspecified</pose>
		<truncated>0</truncated>
		<difficult>0</difficult>
		<bndbox>
			<xmin>195</xmin>
			<ymin>105</ymin>
			<xmax>343</xmax>
			<ymax>191</ymax>
		</bndbox>
	</object>
</annotation>
