<annotation>
	<folder>www.google.com</folder>
	<filename>2019-06-10-09-28-37.jpg</filename>
	<path>C:\Users\HP\Downloads\www.google.com\2019-06-10-09-28-37.jpg</path>
	<source>
		<database>Unknown</database>
	</source>
	<size>
		<width>6000</width>
		<height>4000</height>
		<depth>3</depth>
	</size>
	<segmented>0</segmented>
	<object>
		<name>phone</name>
		<pose>Unspecified</pose>
		<truncated>0</truncated>
		<difficult>0</difficult>
		<bndbox>
			<xmin>216</xmin>
			<ymin>187</ymin>
			<xmax>3741</xmax>
			<ymax>2062</ymax>
		</bndbox>
	</object>
	<object>
		<name>phone</name>
		<pose>Unspecified</pose>
		<truncated>0</truncated>
		<difficult>0</difficult>
		<bndbox>
			<xmin>2709</xmin>
			<ymin>2182</ymin>
			<xmax>4615</xmax>
			<ymax>3325</ymax>
		</bndbox>
	</object>
</annotation>
