<annotation>
	<folder>www.google.com</folder>
	<filename>240_F_304459713_9wuKcK0flKFMtQReBy7egKB9Lt2JT9xS.jpg</filename>
	<path>C:\Users\HP\Downloads\www.google.com\240_F_304459713_9wuKcK0flKFMtQReBy7egKB9Lt2JT9xS.jpg</path>
	<source>
		<database>Unknown</database>
	</source>
	<size>
		<width>360</width>
		<height>240</height>
		<depth>3</depth>
	</size>
	<segmented>0</segmented>
	<object>
		<name>phone</name>
		<pose>Unspecified</pose>
		<truncated>0</truncated>
		<difficult>0</difficult>
		<bndbox>
			<xmin>146</xmin>
			<ymin>33</ymin>
			<xmax>281</xmax>
			<ymax>205</ymax>
		</bndbox>
	</object>
</annotation>
