<annotation>
	<folder>www.google.com</folder>
	<filename>38991772-girl-hand-touching-screen-on-modern-mobile-smart-phone.jpg</filename>
	<path>C:\Users\HP\Downloads\www.google.com\38991772-girl-hand-touching-screen-on-modern-mobile-smart-phone.jpg</path>
	<source>
		<database>Unknown</database>
	</source>
	<size>
		<width>1300</width>
		<height>861</height>
		<depth>3</depth>
	</size>
	<segmented>0</segmented>
	<object>
		<name>phone</name>
		<pose>Unspecified</pose>
		<truncated>0</truncated>
		<difficult>0</difficult>
		<bndbox>
			<xmin>356</xmin>
			<ymin>62</ymin>
			<xmax>981</xmax>
			<ymax>681</ymax>
		</bndbox>
	</object>
</annotation>
