<annotation>
	<folder>www.google.com</folder>
	<filename>500_F_111016829_u0JG1eT7G1tOyKSTX5U9uZrmaa6L9ZRt.jpg</filename>
	<path>C:\Users\HP\Downloads\www.google.com\500_F_111016829_u0JG1eT7G1tOyKSTX5U9uZrmaa6L9ZRt.jpg</path>
	<source>
		<database>Unknown</database>
	</source>
	<size>
		<width>500</width>
		<height>284</height>
		<depth>3</depth>
	</size>
	<segmented>0</segmented>
	<object>
		<name>phone</name>
		<pose>Unspecified</pose>
		<truncated>0</truncated>
		<difficult>0</difficult>
		<bndbox>
			<xmin>56</xmin>
			<ymin>77</ymin>
			<xmax>327</xmax>
			<ymax>255</ymax>
		</bndbox>
	</object>
</annotation>
