<annotation>
	<folder>www.google.com</folder>
	<filename>55842335-man-mobile-mania-smart-phone-in-hand-teenage-boy-on-dark-background-soft-focus.jpg</filename>
	<path>C:\Users\HP\Downloads\www.google.com\55842335-man-mobile-mania-smart-phone-in-hand-teenage-boy-on-dark-background-soft-focus.jpg</path>
	<source>
		<database>Unknown</database>
	</source>
	<size>
		<width>1300</width>
		<height>866</height>
		<depth>3</depth>
	</size>
	<segmented>0</segmented>
	<object>
		<name>phone</name>
		<pose>Unspecified</pose>
		<truncated>0</truncated>
		<difficult>0</difficult>
		<bndbox>
			<xmin>526</xmin>
			<ymin>139</ymin>
			<xmax>1138</xmax>
			<ymax>661</ymax>
		</bndbox>
	</object>
</annotation>
