<annotation>
	<folder>www.google.com</folder>
	<filename>62054571-say-cheese-selective-focus-of-cell-phone-in-hands-of-pleasant-enior-man-holding-it-and-resting-in-th.jpg</filename>
	<path>C:\Users\HP\Downloads\www.google.com\62054571-say-cheese-selective-focus-of-cell-phone-in-hands-of-pleasant-enior-man-holding-it-and-resting-in-th.jpg</path>
	<source>
		<database>Unknown</database>
	</source>
	<size>
		<width>1300</width>
		<height>867</height>
		<depth>3</depth>
	</size>
	<segmented>0</segmented>
	<object>
		<name>phone</name>
		<pose>Unspecified</pose>
		<truncated>0</truncated>
		<difficult>0</difficult>
		<bndbox>
			<xmin>630</xmin>
			<ymin>272</ymin>
			<xmax>967</xmax>
			<ymax>517</ymax>
		</bndbox>
	</object>
</annotation>
