<annotation>
	<folder>www.google.com</folder>
	<filename>80011_38432824_ver1.0.jpg</filename>
	<path>C:\Users\HP\Downloads\www.google.com\80011_38432824_ver1.0.jpg</path>
	<source>
		<database>Unknown</database>
	</source>
	<size>
		<width>800</width>
		<height>539</height>
		<depth>3</depth>
	</size>
	<segmented>0</segmented>
	<object>
		<name>phone</name>
		<pose>Unspecified</pose>
		<truncated>0</truncated>
		<difficult>0</difficult>
		<bndbox>
			<xmin>352</xmin>
			<ymin>14</ymin>
			<xmax>658</xmax>
			<ymax>448</ymax>
		</bndbox>
	</object>
</annotation>
