<annotation>
	<folder>www.google.com</folder>
	<filename>800px_COLOURBOX3036107.jpg</filename>
	<path>C:\Users\HP\Downloads\www.google.com\800px_COLOURBOX3036107.jpg</path>
	<source>
		<database>Unknown</database>
	</source>
	<size>
		<width>800</width>
		<height>533</height>
		<depth>3</depth>
	</size>
	<segmented>0</segmented>
	<object>
		<name>phone</name>
		<pose>Unspecified</pose>
		<truncated>0</truncated>
		<difficult>0</difficult>
		<bndbox>
			<xmin>87</xmin>
			<ymin>50</ymin>
			<xmax>390</xmax>
			<ymax>289</ymax>
		</bndbox>
	</object>
</annotation>
