<annotation>
	<folder>www.google.com</folder>
	<filename>80204085-white-phone-in-the-hands-of-girls-top-view.jpg</filename>
	<path>C:\Users\HP\Downloads\www.google.com\80204085-white-phone-in-the-hands-of-girls-top-view.jpg</path>
	<source>
		<database>Unknown</database>
	</source>
	<size>
		<width>1300</width>
		<height>1300</height>
		<depth>3</depth>
	</size>
	<segmented>0</segmented>
	<object>
		<name>phone</name>
		<pose>Unspecified</pose>
		<truncated>0</truncated>
		<difficult>0</difficult>
		<bndbox>
			<xmin>391</xmin>
			<ymin>124</ymin>
			<xmax>805</xmax>
			<ymax>910</ymax>
		</bndbox>
	</object>
</annotation>
