<annotation>
	<folder>www.google.com</folder>
	<filename>93442148-group-of-young-hipsters-holding-phone-in-hands-friends-having-fun-together-with-smartphones-.jpg</filename>
	<path>C:\Users\HP\Downloads\www.google.com\93442148-group-of-young-hipsters-holding-phone-in-hands-friends-having-fun-together-with-smartphones-.jpg</path>
	<source>
		<database>Unknown</database>
	</source>
	<size>
		<width>1300</width>
		<height>866</height>
		<depth>3</depth>
	</size>
	<segmented>0</segmented>
	<object>
		<name>phone</name>
		<pose>Unspecified</pose>
		<truncated>0</truncated>
		<difficult>0</difficult>
		<bndbox>
			<xmin>100</xmin>
			<ymin>275</ymin>
			<xmax>424</xmax>
			<ymax>463</ymax>
		</bndbox>
	</object>
	<object>
		<name>phone</name>
		<pose>Unspecified</pose>
		<truncated>0</truncated>
		<difficult>0</difficult>
		<bndbox>
			<xmin>369</xmin>
			<ymin>186</ymin>
			<xmax>566</xmax>
			<ymax>276</ymax>
		</bndbox>
	</object>
	<object>
		<name>phone</name>
		<pose>Unspecified</pose>
		<truncated>0</truncated>
		<difficult>0</difficult>
		<bndbox>
			<xmin>590</xmin>
			<ymin>206</ymin>
			<xmax>824</xmax>
			<ymax>339</ymax>
		</bndbox>
	</object>
	<object>
		<name>phone</name>
		<pose>Unspecified</pose>
		<truncated>0</truncated>
		<difficult>0</difficult>
		<bndbox>
			<xmin>633</xmin>
			<ymin>383</ymin>
			<xmax>976</xmax>
			<ymax>615</ymax>
		</bndbox>
	</object>
	<object>
		<name>phone</name>
		<pose>Unspecified</pose>
		<truncated>0</truncated>
		<difficult>0</difficult>
		<bndbox>
			<xmin>317</xmin>
			<ymin>417</ymin>
			<xmax>578</xmax>
			<ymax>826</ymax>
		</bndbox>
	</object>
</annotation>
