<annotation>
	<folder>www.google.com</folder>
	<filename>97130933-business-concept-with-blank-screen-mobile-phone-woman-with-modern-mobile-phone-in-hands-holding-blac.jpg</filename>
	<path>C:\Users\HP\Downloads\www.google.com\97130933-business-concept-with-blank-screen-mobile-phone-woman-with-modern-mobile-phone-in-hands-holding-blac.jpg</path>
	<source>
		<database>Unknown</database>
	</source>
	<size>
		<width>1300</width>
		<height>866</height>
		<depth>3</depth>
	</size>
	<segmented>0</segmented>
	<object>
		<name>phone</name>
		<pose>Unspecified</pose>
		<truncated>0</truncated>
		<difficult>0</difficult>
		<bndbox>
			<xmin>99</xmin>
			<ymin>133</ymin>
			<xmax>687</xmax>
			<ymax>747</ymax>
		</bndbox>
	</object>
</annotation>
