<annotation>
	<folder>www.google.com</folder>
	<filename>97367239-person-using-mobile-phone-in-hand-and-drinking-coffee-time-for-relax-at-home-people-with-smartphone-.jpg</filename>
	<path>C:\Users\HP\Downloads\www.google.com\97367239-person-using-mobile-phone-in-hand-and-drinking-coffee-time-for-relax-at-home-people-with-smartphone-.jpg</path>
	<source>
		<database>Unknown</database>
	</source>
	<size>
		<width>1300</width>
		<height>867</height>
		<depth>3</depth>
	</size>
	<segmented>0</segmented>
	<object>
		<name>phone</name>
		<pose>Unspecified</pose>
		<truncated>0</truncated>
		<difficult>0</difficult>
		<bndbox>
			<xmin>83</xmin>
			<ymin>22</ymin>
			<xmax>528</xmax>
			<ymax>530</ymax>
		</bndbox>
	</object>
</annotation>
