<annotation>
	<folder>www.google.com</folder>
	<filename>AdobeStock_108796543-620x419.jpeg</filename>
	<path>C:\Users\HP\Downloads\www.google.com\AdobeStock_108796543-620x419.jpeg</path>
	<source>
		<database>Unknown</database>
	</source>
	<size>
		<width>620</width>
		<height>419</height>
		<depth>3</depth>
	</size>
	<segmented>0</segmented>
	<object>
		<name>phone</name>
		<pose>Unspecified</pose>
		<truncated>0</truncated>
		<difficult>0</difficult>
		<bndbox>
			<xmin>319</xmin>
			<ymin>100</ymin>
			<xmax>488</xmax>
			<ymax>276</ymax>
		</bndbox>
	</object>
</annotation>
