<annotation>
	<folder>www.google.com</folder>
	<filename>apple-iphone-11-pro-hands-on-jc-backside-1-1920x1280.jpg</filename>
	<path>C:\Users\HP\Downloads\www.google.com\apple-iphone-11-pro-hands-on-jc-backside-1-1920x1280.jpg</path>
	<source>
		<database>Unknown</database>
	</source>
	<size>
		<width>1920</width>
		<height>1280</height>
		<depth>3</depth>
	</size>
	<segmented>0</segmented>
	<object>
		<name>phone</name>
		<pose>Unspecified</pose>
		<truncated>0</truncated>
		<difficult>0</difficult>
		<bndbox>
			<xmin>629</xmin>
			<ymin>86</ymin>
			<xmax>1272</xmax>
			<ymax>1066</ymax>
		</bndbox>
	</object>
</annotation>
