<annotation>
	<folder>www.google.com</folder>
	<filename>apple-iphone-main.jpg</filename>
	<path>C:\Users\HP\Downloads\www.google.com\apple-iphone-main.jpg</path>
	<source>
		<database>Unknown</database>
	</source>
	<size>
		<width>759</width>
		<height>422</height>
		<depth>3</depth>
	</size>
	<segmented>0</segmented>
	<object>
		<name>phone</name>
		<pose>Unspecified</pose>
		<truncated>1</truncated>
		<difficult>0</difficult>
		<bndbox>
			<xmin>262</xmin>
			<ymin>1</ymin>
			<xmax>525</xmax>
			<ymax>384</ymax>
		</bndbox>
	</object>
</annotation>
