<annotation>
	<folder>www.google.com</folder>
	<filename>Apple-iPhone-11-Pro-and-11-Pro-Max-Review-086.jpg</filename>
	<path>C:\Users\HP\Downloads\www.google.com\Apple-iPhone-11-Pro-and-11-Pro-Max-Review-086.jpg</path>
	<source>
		<database>Unknown</database>
	</source>
	<size>
		<width>1600</width>
		<height>1067</height>
		<depth>3</depth>
	</size>
	<segmented>0</segmented>
	<object>
		<name>phone</name>
		<pose>Unspecified</pose>
		<truncated>0</truncated>
		<difficult>0</difficult>
		<bndbox>
			<xmin>529</xmin>
			<ymin>176</ymin>
			<xmax>1018</xmax>
			<ymax>872</ymax>
		</bndbox>
	</object>
</annotation>
