<annotation>
	<folder>www.google.com</folder>
	<filename>Bigger20Screens20iStock20fatesun.jpg</filename>
	<path>C:\Users\HP\Downloads\www.google.com\Bigger20Screens20iStock20fatesun.jpg</path>
	<source>
		<database>Unknown</database>
	</source>
	<size>
		<width>992</width>
		<height>661</height>
		<depth>3</depth>
	</size>
	<segmented>0</segmented>
	<object>
		<name>phone</name>
		<pose>Unspecified</pose>
		<truncated>0</truncated>
		<difficult>0</difficult>
		<bndbox>
			<xmin>394</xmin>
			<ymin>34</ymin>
			<xmax>750</xmax>
			<ymax>553</ymax>
		</bndbox>
	</object>
</annotation>
