<annotation>
	<folder>www.google.com</folder>
	<filename>bigstock-Blogger-Hipster-Using-In-Hands-245798827.jpg</filename>
	<path>C:\Users\HP\Downloads\www.google.com\bigstock-Blogger-Hipster-Using-In-Hands-245798827.jpg</path>
	<source>
		<database>Unknown</database>
	</source>
	<size>
		<width>1000</width>
		<height>500</height>
		<depth>3</depth>
	</size>
	<segmented>0</segmented>
	<object>
		<name>phone</name>
		<pose>Unspecified</pose>
		<truncated>0</truncated>
		<difficult>0</difficult>
		<bndbox>
			<xmin>324</xmin>
			<ymin>60</ymin>
			<xmax>706</xmax>
			<ymax>429</ymax>
		</bndbox>
	</object>
</annotation>
