<annotation>
	<folder>www.google.com</folder>
	<filename>Cell-Phone-in-Hand-CC-Simon-Berry.jpg</filename>
	<path>C:\Users\HP\Downloads\www.google.com\Cell-Phone-in-Hand-CC-Simon-Berry.jpg</path>
	<source>
		<database>Unknown</database>
	</source>
	<size>
		<width>1200</width>
		<height>722</height>
		<depth>3</depth>
	</size>
	<segmented>0</segmented>
	<object>
		<name>phone</name>
		<pose>Unspecified</pose>
		<truncated>0</truncated>
		<difficult>0</difficult>
		<bndbox>
			<xmin>501</xmin>
			<ymin>262</ymin>
			<xmax>927</xmax>
			<ymax>607</ymax>
		</bndbox>
	</object>
</annotation>
