<annotation>
	<folder>www.google.com</folder>
	<filename>cell-phone-in-hand-with-a-coffee-e1536329673588.jpg</filename>
	<path>C:\Users\HP\Downloads\www.google.com\cell-phone-in-hand-with-a-coffee-e1536329673588.jpg</path>
	<source>
		<database>Unknown</database>
	</source>
	<size>
		<width>1200</width>
		<height>800</height>
		<depth>3</depth>
	</size>
	<segmented>0</segmented>
	<object>
		<name>phone</name>
		<pose>Unspecified</pose>
		<truncated>0</truncated>
		<difficult>0</difficult>
		<bndbox>
			<xmin>252</xmin>
			<ymin>158</ymin>
			<xmax>892</xmax>
			<ymax>492</ymax>
		</bndbox>
	</object>
</annotation>
