<annotation>
	<folder>www.google.com</folder>
	<filename>cell-phone-hands.jpg</filename>
	<path>C:\Users\HP\Downloads\www.google.com\cell-phone-hands.jpg</path>
	<source>
		<database>Unknown</database>
	</source>
	<size>
		<width>360</width>
		<height>305</height>
		<depth>3</depth>
	</size>
	<segmented>0</segmented>
	<object>
		<name>phone</name>
		<pose>Unspecified</pose>
		<truncated>0</truncated>
		<difficult>0</difficult>
		<bndbox>
			<xmin>161</xmin>
			<ymin>96</ymin>
			<xmax>271</xmax>
			<ymax>163</ymax>
		</bndbox>
	</object>
</annotation>
