<annotation>
	<folder>www.google.com</folder>
	<filename>cell_phone_in_hands.jpg</filename>
	<path>C:\Users\HP\Downloads\www.google.com\cell_phone_in_hands.jpg</path>
	<source>
		<database>Unknown</database>
	</source>
	<size>
		<width>992</width>
		<height>558</height>
		<depth>3</depth>
	</size>
	<segmented>0</segmented>
	<object>
		<name>phone</name>
		<pose>Unspecified</pose>
		<truncated>0</truncated>
		<difficult>0</difficult>
		<bndbox>
			<xmin>140</xmin>
			<ymin>123</ymin>
			<xmax>861</xmax>
			<ymax>413</ymax>
		</bndbox>
	</object>
</annotation>
