<annotation>
	<folder>www.google.com</folder>
	<filename>cell20phone20in20hand.jpg</filename>
	<path>C:\Users\HP\Downloads\www.google.com\cell20phone20in20hand.jpg</path>
	<source>
		<database>Unknown</database>
	</source>
	<size>
		<width>1200</width>
		<height>630</height>
		<depth>3</depth>
	</size>
	<segmented>0</segmented>
	<object>
		<name>phone</name>
		<pose>Unspecified</pose>
		<truncated>0</truncated>
		<difficult>0</difficult>
		<bndbox>
			<xmin>622</xmin>
			<ymin>91</ymin>
			<xmax>985</xmax>
			<ymax>386</ymax>
		</bndbox>
	</object>
</annotation>
