<annotation>
	<folder>www.google.com</folder>
	<filename>Cell-Phone-In-Hand.jpg</filename>
	<path>C:\Users\HP\Downloads\www.google.com\Cell-Phone-In-Hand.jpg</path>
	<source>
		<database>Unknown</database>
	</source>
	<size>
		<width>912</width>
		<height>513</height>
		<depth>3</depth>
	</size>
	<segmented>0</segmented>
	<object>
		<name>phone</name>
		<pose>Unspecified</pose>
		<truncated>0</truncated>
		<difficult>0</difficult>
		<bndbox>
			<xmin>183</xmin>
			<ymin>52</ymin>
			<xmax>774</xmax>
			<ymax>472</ymax>
		</bndbox>
	</object>
</annotation>
