<annotation>
	<folder>www.google.com</folder>
	<filename>child-holding-phone-with-both-hands.jpg</filename>
	<path>C:\Users\HP\Downloads\www.google.com\child-holding-phone-with-both-hands.jpg</path>
	<source>
		<database>Unknown</database>
	</source>
	<size>
		<width>4052</width>
		<height>2684</height>
		<depth>3</depth>
	</size>
	<segmented>0</segmented>
	<object>
		<name>phone</name>
		<pose>Unspecified</pose>
		<truncated>0</truncated>
		<difficult>0</difficult>
		<bndbox>
			<xmin>761</xmin>
			<ymin>1483</ymin>
			<xmax>3220</xmax>
			<ymax>1854</ymax>
		</bndbox>
	</object>
</annotation>
