<annotation>
	<folder>www.google.com</folder>
	<filename>close-up-cell-phone-hand-businessman-background-computer-blurred-concepts-hot-black-coffee-natural-white-cappuccino-114273371.jpg</filename>
	<path>C:\Users\HP\Downloads\www.google.com\close-up-cell-phone-hand-businessman-background-computer-blurred-concepts-hot-black-coffee-natural-white-cappuccino-114273371.jpg</path>
	<source>
		<database>Unknown</database>
	</source>
	<size>
		<width>1300</width>
		<height>957</height>
		<depth>3</depth>
	</size>
	<segmented>0</segmented>
	<object>
		<name>phone</name>
		<pose>Unspecified</pose>
		<truncated>0</truncated>
		<difficult>0</difficult>
		<bndbox>
			<xmin>390</xmin>
			<ymin>552</ymin>
			<xmax>868</xmax>
			<ymax>860</ymax>
		</bndbox>
	</object>
</annotation>
