<annotation>
	<folder>www.google.com</folder>
	<filename>close-up-a-mobile-phone-in-a-hand-being-charged-by-connecting-a.jpg</filename>
	<path>C:\Users\HP\Downloads\www.google.com\close-up-a-mobile-phone-in-a-hand-being-charged-by-connecting-a.jpg</path>
	<source>
		<database>Unknown</database>
	</source>
	<size>
		<width>970</width>
		<height>683</height>
		<depth>3</depth>
	</size>
	<segmented>0</segmented>
	<object>
		<name>phone</name>
		<pose>Unspecified</pose>
		<truncated>0</truncated>
		<difficult>0</difficult>
		<bndbox>
			<xmin>333</xmin>
			<ymin>54</ymin>
			<xmax>761</xmax>
			<ymax>369</ymax>
		</bndbox>
	</object>
</annotation>
