<annotation>
	<folder>www.google.com</folder>
	<filename>close-up-female-hand-holding-phone-with-navigation-map_1163-2665.jpg</filename>
	<path>C:\Users\HP\Downloads\www.google.com\close-up-female-hand-holding-phone-with-navigation-map_1163-2665.jpg</path>
	<source>
		<database>Unknown</database>
	</source>
	<size>
		<width>626</width>
		<height>417</height>
		<depth>3</depth>
	</size>
	<segmented>0</segmented>
	<object>
		<name>phone</name>
		<pose>Unspecified</pose>
		<truncated>0</truncated>
		<difficult>0</difficult>
		<bndbox>
			<xmin>203</xmin>
			<ymin>49</ymin>
			<xmax>417</xmax>
			<ymax>344</ymax>
		</bndbox>
	</object>
</annotation>
