<annotation>
	<folder>www.google.com</folder>
	<filename>D1061_9_364_1200.jpg</filename>
	<path>C:\Users\HP\Downloads\www.google.com\D1061_9_364_1200.jpg</path>
	<source>
		<database>Unknown</database>
	</source>
	<size>
		<width>1200</width>
		<height>800</height>
		<depth>3</depth>
	</size>
	<segmented>0</segmented>
	<object>
		<name>phone</name>
		<pose>Unspecified</pose>
		<truncated>0</truncated>
		<difficult>0</difficult>
		<bndbox>
			<xmin>558</xmin>
			<ymin>148</ymin>
			<xmax>862</xmax>
			<ymax>439</ymax>
		</bndbox>
	</object>
	<object>
		<name>phone</name>
		<pose>Unspecified</pose>
		<truncated>0</truncated>
		<difficult>0</difficult>
		<bndbox>
			<xmin>772</xmin>
			<ymin>289</ymin>
			<xmax>1026</xmax>
			<ymax>548</ymax>
		</bndbox>
	</object>
</annotation>
