<annotation>
	<folder>www.google.com</folder>
	<filename>depositphotos_9351945-stock-photo-businessman-touch-smart-phone-in.jpg</filename>
	<path>C:\Users\HP\Downloads\www.google.com\depositphotos_9351945-stock-photo-businessman-touch-smart-phone-in.jpg</path>
	<source>
		<database>Unknown</database>
	</source>
	<size>
		<width>1024</width>
		<height>635</height>
		<depth>3</depth>
	</size>
	<segmented>0</segmented>
	<object>
		<name>phone</name>
		<pose>Unspecified</pose>
		<truncated>0</truncated>
		<difficult>0</difficult>
		<bndbox>
			<xmin>447</xmin>
			<ymin>316</ymin>
			<xmax>657</xmax>
			<ymax>378</ymax>
		</bndbox>
	</object>
</annotation>
