<annotation>
	<folder>www.google.com</folder>
	<filename>depositphotos_187638206-stock-photo-person-mobile-phone-hand-coffee.jpg</filename>
	<path>C:\Users\HP\Downloads\www.google.com\depositphotos_187638206-stock-photo-person-mobile-phone-hand-coffee.jpg</path>
	<source>
		<database>Unknown</database>
	</source>
	<size>
		<width>1600</width>
		<height>1168</height>
		<depth>3</depth>
	</size>
	<segmented>0</segmented>
	<object>
		<name>phone</name>
		<pose>Unspecified</pose>
		<truncated>0</truncated>
		<difficult>0</difficult>
		<bndbox>
			<xmin>223</xmin>
			<ymin>288</ymin>
			<xmax>602</xmax>
			<ymax>704</ymax>
		</bndbox>
	</object>
</annotation>
