<annotation>
	<folder>www.google.com</folder>
	<filename>DSC_0164-001-18b6sea.jpg</filename>
	<path>C:\Users\HP\Downloads\www.google.com\DSC_0164-001-18b6sea.jpg</path>
	<source>
		<database>Unknown</database>
	</source>
	<size>
		<width>4608</width>
		<height>3072</height>
		<depth>3</depth>
	</size>
	<segmented>0</segmented>
	<object>
		<name>phone</name>
		<pose>Unspecified</pose>
		<truncated>0</truncated>
		<difficult>0</difficult>
		<bndbox>
			<xmin>1982</xmin>
			<ymin>1069</ymin>
			<xmax>3454</xmax>
			<ymax>2707</ymax>
		</bndbox>
	</object>
</annotation>
