<annotation>
	<folder>www.google.com</folder>
	<filename>Free-Executive-Smartphone-In-Hand-Mock-Up.jpg</filename>
	<path>C:\Users\HP\Downloads\www.google.com\Free-Executive-Smartphone-In-Hand-Mock-Up.jpg</path>
	<source>
		<database>Unknown</database>
	</source>
	<size>
		<width>800</width>
		<height>600</height>
		<depth>3</depth>
	</size>
	<segmented>0</segmented>
	<object>
		<name>phone</name>
		<pose>Unspecified</pose>
		<truncated>0</truncated>
		<difficult>0</difficult>
		<bndbox>
			<xmin>174</xmin>
			<ymin>22</ymin>
			<xmax>527</xmax>
			<ymax>524</ymax>
		</bndbox>
	</object>
</annotation>
