<annotation>
	<folder>www.google.com</folder>
	<filename>images348.jpg</filename>
	<path>C:\Users\HP\Downloads\www.google.com\images348.jpg</path>
	<source>
		<database>Unknown</database>
	</source>
	<size>
		<width>323</width>
		<height>156</height>
		<depth>3</depth>
	</size>
	<segmented>0</segmented>
	<object>
		<name>phone</name>
		<pose>Unspecified</pose>
		<truncated>1</truncated>
		<difficult>0</difficult>
		<bndbox>
			<xmin>100</xmin>
			<ymin>29</ymin>
			<xmax>251</xmax>
			<ymax>156</ymax>
		</bndbox>
	</object>
</annotation>
