<annotation>
	<folder>www.google.com</folder>
	<filename>image12.jpeg</filename>
	<path>C:\Users\HP\Downloads\www.google.com\image12.jpeg</path>
	<source>
		<database>Unknown</database>
	</source>
	<size>
		<width>276</width>
		<height>183</height>
		<depth>3</depth>
	</size>
	<segmented>0</segmented>
	<object>
		<name>phone</name>
		<pose>Unspecified</pose>
		<truncated>0</truncated>
		<difficult>0</difficult>
		<bndbox>
			<xmin>68</xmin>
			<ymin>104</ymin>
			<xmax>217</xmax>
			<ymax>124</ymax>
		</bndbox>
	</object>
</annotation>
