<annotation>
	<folder>www.google.com</folder>
	<filename>images219.jpg</filename>
	<path>C:\Users\HP\Downloads\www.google.com\images219.jpg</path>
	<source>
		<database>Unknown</database>
	</source>
	<size>
		<width>275</width>
		<height>183</height>
		<depth>3</depth>
	</size>
	<segmented>0</segmented>
	<object>
		<name>phone</name>
		<pose>Unspecified</pose>
		<truncated>0</truncated>
		<difficult>0</difficult>
		<bndbox>
			<xmin>152</xmin>
			<ymin>69</ymin>
			<xmax>228</xmax>
			<ymax>137</ymax>
		</bndbox>
	</object>
	<object>
		<name>phone</name>
		<pose>Unspecified</pose>
		<truncated>0</truncated>
		<difficult>0</difficult>
		<bndbox>
			<xmin>105</xmin>
			<ymin>37</ymin>
			<xmax>173</xmax>
			<ymax>76</ymax>
		</bndbox>
	</object>
	<object>
		<name>phone</name>
		<pose>Unspecified</pose>
		<truncated>0</truncated>
		<difficult>0</difficult>
		<bndbox>
			<xmin>43</xmin>
			<ymin>86</ymin>
			<xmax>139</xmax>
			<ymax>133</ymax>
		</bndbox>
	</object>
</annotation>
