<annotation>
	<folder>www.google.com</folder>
	<filename>image3.jpeg</filename>
	<path>C:\Users\HP\Downloads\www.google.com\image3.jpeg</path>
	<source>
		<database>Unknown</database>
	</source>
	<size>
		<width>294</width>
		<height>172</height>
		<depth>3</depth>
	</size>
	<segmented>0</segmented>
	<object>
		<name>phone</name>
		<pose>Unspecified</pose>
		<truncated>0</truncated>
		<difficult>0</difficult>
		<bndbox>
			<xmin>59</xmin>
			<ymin>29</ymin>
			<xmax>111</xmax>
			<ymax>95</ymax>
		</bndbox>
	</object>
</annotation>
