<annotation>
	<folder>www.google.com</folder>
	<filename>images257.jpg</filename>
	<path>C:\Users\HP\Downloads\www.google.com\images257.jpg</path>
	<source>
		<database>Unknown</database>
	</source>
	<size>
		<width>284</width>
		<height>177</height>
		<depth>3</depth>
	</size>
	<segmented>0</segmented>
	<object>
		<name>phone</name>
		<pose>Unspecified</pose>
		<truncated>0</truncated>
		<difficult>0</difficult>
		<bndbox>
			<xmin>129</xmin>
			<ymin>28</ymin>
			<xmax>180</xmax>
			<ymax>121</ymax>
		</bndbox>
	</object>
</annotation>
