<annotation>
	<folder>www.google.com</folder>
	<filename>images107.jpg</filename>
	<path>C:\Users\HP\Downloads\www.google.com\images107.jpg</path>
	<source>
		<database>Unknown</database>
	</source>
	<size>
		<width>244</width>
		<height>207</height>
		<depth>3</depth>
	</size>
	<segmented>0</segmented>
	<object>
		<name>phone</name>
		<pose>Unspecified</pose>
		<truncated>0</truncated>
		<difficult>0</difficult>
		<bndbox>
			<xmin>42</xmin>
			<ymin>147</ymin>
			<xmax>127</xmax>
			<ymax>179</ymax>
		</bndbox>
	</object>
</annotation>
