<annotation>
	<folder>www.google.com</folder>
	<filename>images88.jpg</filename>
	<path>C:\Users\HP\Downloads\www.google.com\images88.jpg</path>
	<source>
		<database>Unknown</database>
	</source>
	<size>
		<width>300</width>
		<height>168</height>
		<depth>3</depth>
	</size>
	<segmented>0</segmented>
	<object>
		<name>phone</name>
		<pose>Unspecified</pose>
		<truncated>0</truncated>
		<difficult>0</difficult>
		<bndbox>
			<xmin>100</xmin>
			<ymin>8</ymin>
			<xmax>211</xmax>
			<ymax>81</ymax>
		</bndbox>
	</object>
</annotation>
