<annotation>
	<folder>www.google.com</folder>
	<filename>images266.jpg</filename>
	<path>C:\Users\HP\Downloads\www.google.com\images266.jpg</path>
	<source>
		<database>Unknown</database>
	</source>
	<size>
		<width>300</width>
		<height>168</height>
		<depth>3</depth>
	</size>
	<segmented>0</segmented>
	<object>
		<name>phone</name>
		<pose>Unspecified</pose>
		<truncated>0</truncated>
		<difficult>0</difficult>
		<bndbox>
			<xmin>44</xmin>
			<ymin>52</ymin>
			<xmax>158</xmax>
			<ymax>166</ymax>
		</bndbox>
	</object>
	<object>
		<name>phone</name>
		<pose>Unspecified</pose>
		<truncated>1</truncated>
		<difficult>0</difficult>
		<bndbox>
			<xmin>163</xmin>
			<ymin>52</ymin>
			<xmax>264</xmax>
			<ymax>168</ymax>
		</bndbox>
	</object>
</annotation>
