<annotation>
	<folder>www.google.com</folder>
	<filename>images412.jpg</filename>
	<path>C:\Users\HP\Downloads\www.google.com\images412.jpg</path>
	<source>
		<database>Unknown</database>
	</source>
	<size>
		<width>266</width>
		<height>190</height>
		<depth>3</depth>
	</size>
	<segmented>0</segmented>
	<object>
		<name>phone</name>
		<pose>Unspecified</pose>
		<truncated>0</truncated>
		<difficult>0</difficult>
		<bndbox>
			<xmin>74</xmin>
			<ymin>54</ymin>
			<xmax>189</xmax>
			<ymax>143</ymax>
		</bndbox>
	</object>
</annotation>
