<annotation>
	<folder>www.google.com</folder>
	<filename>images328.jpg</filename>
	<path>C:\Users\HP\Downloads\www.google.com\images328.jpg</path>
	<source>
		<database>Unknown</database>
	</source>
	<size>
		<width>275</width>
		<height>183</height>
		<depth>3</depth>
	</size>
	<segmented>0</segmented>
	<object>
		<name>phone</name>
		<pose>Unspecified</pose>
		<truncated>0</truncated>
		<difficult>0</difficult>
		<bndbox>
			<xmin>69</xmin>
			<ymin>17</ymin>
			<xmax>143</xmax>
			<ymax>145</ymax>
		</bndbox>
	</object>
	<object>
		<name>phone</name>
		<pose>Unspecified</pose>
		<truncated>0</truncated>
		<difficult>0</difficult>
		<bndbox>
			<xmin>145</xmin>
			<ymin>26</ymin>
			<xmax>234</xmax>
			<ymax>166</ymax>
		</bndbox>
	</object>
</annotation>
