<annotation>
	<folder>www.google.com</folder>
	<filename>images350.jpg</filename>
	<path>C:\Users\HP\Downloads\www.google.com\images350.jpg</path>
	<source>
		<database>Unknown</database>
	</source>
	<size>
		<width>300</width>
		<height>168</height>
		<depth>3</depth>
	</size>
	<segmented>0</segmented>
	<object>
		<name>phone</name>
		<pose>Unspecified</pose>
		<truncated>1</truncated>
		<difficult>0</difficult>
		<bndbox>
			<xmin>119</xmin>
			<ymin>1</ymin>
			<xmax>268</xmax>
			<ymax>168</ymax>
		</bndbox>
	</object>
</annotation>
