<annotation>
	<folder>www.google.com</folder>
	<filename>images378.jpg</filename>
	<path>C:\Users\HP\Downloads\www.google.com\images378.jpg</path>
	<source>
		<database>Unknown</database>
	</source>
	<size>
		<width>330</width>
		<height>153</height>
		<depth>3</depth>
	</size>
	<segmented>0</segmented>
	<object>
		<name>phone</name>
		<pose>Unspecified</pose>
		<truncated>1</truncated>
		<difficult>0</difficult>
		<bndbox>
			<xmin>165</xmin>
			<ymin>15</ymin>
			<xmax>330</xmax>
			<ymax>131</ymax>
		</bndbox>
	</object>
</annotation>
