<annotation>
	<folder>www.google.com</folder>
	<filename>images115.jpg</filename>
	<path>C:\Users\HP\Downloads\www.google.com\images115.jpg</path>
	<source>
		<database>Unknown</database>
	</source>
	<size>
		<width>220</width>
		<height>229</height>
		<depth>3</depth>
	</size>
	<segmented>0</segmented>
	<object>
		<name>phone</name>
		<pose>Unspecified</pose>
		<truncated>0</truncated>
		<difficult>0</difficult>
		<bndbox>
			<xmin>69</xmin>
			<ymin>7</ymin>
			<xmax>185</xmax>
			<ymax>198</ymax>
		</bndbox>
	</object>
</annotation>
