<annotation>
	<folder>www.google.com</folder>
	<filename>image10.jpeg</filename>
	<path>C:\Users\HP\Downloads\www.google.com\image10.jpeg</path>
	<source>
		<database>Unknown</database>
	</source>
	<size>
		<width>275</width>
		<height>183</height>
		<depth>3</depth>
	</size>
	<segmented>0</segmented>
	<object>
		<name>phone</name>
		<pose>Unspecified</pose>
		<truncated>0</truncated>
		<difficult>0</difficult>
		<bndbox>
			<xmin>47</xmin>
			<ymin>37</ymin>
			<xmax>140</xmax>
			<ymax>129</ymax>
		</bndbox>
	</object>
</annotation>
