<annotation>
	<folder>www.google.com</folder>
	<filename>images273.jpg</filename>
	<path>C:\Users\HP\Downloads\www.google.com\images273.jpg</path>
	<source>
		<database>Unknown</database>
	</source>
	<size>
		<width>250</width>
		<height>166</height>
		<depth>3</depth>
	</size>
	<segmented>0</segmented>
	<object>
		<name>phone</name>
		<pose>Unspecified</pose>
		<truncated>0</truncated>
		<difficult>0</difficult>
		<bndbox>
			<xmin>120</xmin>
			<ymin>47</ymin>
			<xmax>206</xmax>
			<ymax>97</ymax>
		</bndbox>
	</object>
</annotation>
