<annotation>
	<folder>www.google.com</folder>
	<filename>images61.jpg</filename>
	<path>C:\Users\HP\Downloads\www.google.com\images61.jpg</path>
	<source>
		<database>Unknown</database>
	</source>
	<size>
		<width>333</width>
		<height>151</height>
		<depth>3</depth>
	</size>
	<segmented>0</segmented>
	<object>
		<name>phone</name>
		<pose>Unspecified</pose>
		<truncated>0</truncated>
		<difficult>0</difficult>
		<bndbox>
			<xmin>148</xmin>
			<ymin>30</ymin>
			<xmax>214</xmax>
			<ymax>88</ymax>
		</bndbox>
	</object>
</annotation>
