<annotation>
	<folder>www.google.com</folder>
	<filename>images93.jpg</filename>
	<path>C:\Users\HP\Downloads\www.google.com\images93.jpg</path>
	<source>
		<database>Unknown</database>
	</source>
	<size>
		<width>320</width>
		<height>157</height>
		<depth>3</depth>
	</size>
	<segmented>0</segmented>
	<object>
		<name>phone</name>
		<pose>Unspecified</pose>
		<truncated>1</truncated>
		<difficult>0</difficult>
		<bndbox>
			<xmin>161</xmin>
			<ymin>5</ymin>
			<xmax>232</xmax>
			<ymax>157</ymax>
		</bndbox>
	</object>
</annotation>
