<annotation>
	<folder>www.google.com</folder>
	<filename>images159.jpg</filename>
	<path>C:\Users\HP\Downloads\www.google.com\images159.jpg</path>
	<source>
		<database>Unknown</database>
	</source>
	<size>
		<width>450</width>
		<height>112</height>
		<depth>3</depth>
	</size>
	<segmented>0</segmented>
	<object>
		<name>phone</name>
		<pose>Unspecified</pose>
		<truncated>0</truncated>
		<difficult>0</difficult>
		<bndbox>
			<xmin>117</xmin>
			<ymin>16</ymin>
			<xmax>309</xmax>
			<ymax>90</ymax>
		</bndbox>
	</object>
</annotation>
