<annotation>
	<folder>www.google.com</folder>
	<filename>images314.jpg</filename>
	<path>C:\Users\HP\Downloads\www.google.com\images314.jpg</path>
	<source>
		<database>Unknown</database>
	</source>
	<size>
		<width>368</width>
		<height>137</height>
		<depth>3</depth>
	</size>
	<segmented>0</segmented>
	<object>
		<name>phone</name>
		<pose>Unspecified</pose>
		<truncated>0</truncated>
		<difficult>0</difficult>
		<bndbox>
			<xmin>213</xmin>
			<ymin>16</ymin>
			<xmax>276</xmax>
			<ymax>118</ymax>
		</bndbox>
	</object>
</annotation>
