<annotation>
	<folder>www.google.com</folder>
	<filename>images268.jpg</filename>
	<path>C:\Users\HP\Downloads\www.google.com\images268.jpg</path>
	<source>
		<database>Unknown</database>
	</source>
	<size>
		<width>164</width>
		<height>308</height>
		<depth>3</depth>
	</size>
	<segmented>0</segmented>
	<object>
		<name>phone</name>
		<pose>Unspecified</pose>
		<truncated>0</truncated>
		<difficult>0</difficult>
		<bndbox>
			<xmin>89</xmin>
			<ymin>26</ymin>
			<xmax>127</xmax>
			<ymax>96</ymax>
		</bndbox>
	</object>
</annotation>
