<annotation>
	<folder>www.google.com</folder>
	<filename>images408.jpg</filename>
	<path>C:\Users\HP\Downloads\www.google.com\images408.jpg</path>
	<source>
		<database>Unknown</database>
	</source>
	<size>
		<width>290</width>
		<height>174</height>
		<depth>3</depth>
	</size>
	<segmented>0</segmented>
	<object>
		<name>phone</name>
		<pose>Unspecified</pose>
		<truncated>0</truncated>
		<difficult>0</difficult>
		<bndbox>
			<xmin>115</xmin>
			<ymin>56</ymin>
			<xmax>230</xmax>
			<ymax>147</ymax>
		</bndbox>
	</object>
</annotation>
