<annotation>
	<folder>www.google.com</folder>
	<filename>images90.jpg</filename>
	<path>C:\Users\HP\Downloads\www.google.com\images90.jpg</path>
	<source>
		<database>Unknown</database>
	</source>
	<size>
		<width>236</width>
		<height>214</height>
		<depth>3</depth>
	</size>
	<segmented>0</segmented>
	<object>
		<name>phone</name>
		<pose>Unspecified</pose>
		<truncated>0</truncated>
		<difficult>0</difficult>
		<bndbox>
			<xmin>47</xmin>
			<ymin>35</ymin>
			<xmax>120</xmax>
			<ymax>84</ymax>
		</bndbox>
	</object>
</annotation>
