<annotation>
	<folder>www.google.com</folder>
	<filename>images355.jpg</filename>
	<path>C:\Users\HP\Downloads\www.google.com\images355.jpg</path>
	<source>
		<database>Unknown</database>
	</source>
	<size>
		<width>264</width>
		<height>191</height>
		<depth>3</depth>
	</size>
	<segmented>0</segmented>
	<object>
		<name>phone</name>
		<pose>Unspecified</pose>
		<truncated>0</truncated>
		<difficult>0</difficult>
		<bndbox>
			<xmin>41</xmin>
			<ymin>39</ymin>
			<xmax>140</xmax>
			<ymax>151</ymax>
		</bndbox>
	</object>
</annotation>
