<annotation>
	<folder>www.google.com</folder>
	<filename>images361.jpg</filename>
	<path>C:\Users\HP\Downloads\www.google.com\images361.jpg</path>
	<source>
		<database>Unknown</database>
	</source>
	<size>
		<width>301</width>
		<height>167</height>
		<depth>3</depth>
	</size>
	<segmented>0</segmented>
	<object>
		<name>phone</name>
		<pose>Unspecified</pose>
		<truncated>0</truncated>
		<difficult>0</difficult>
		<bndbox>
			<xmin>106</xmin>
			<ymin>3</ymin>
			<xmax>207</xmax>
			<ymax>134</ymax>
		</bndbox>
	</object>
</annotation>
