<annotation>
	<folder>www.google.com</folder>
	<filename>images358.jpg</filename>
	<path>C:\Users\HP\Downloads\www.google.com\images358.jpg</path>
	<source>
		<database>Unknown</database>
	</source>
	<size>
		<width>275</width>
		<height>183</height>
		<depth>3</depth>
	</size>
	<segmented>0</segmented>
	<object>
		<name>phone</name>
		<pose>Unspecified</pose>
		<truncated>0</truncated>
		<difficult>0</difficult>
		<bndbox>
			<xmin>117</xmin>
			<ymin>93</ymin>
			<xmax>184</xmax>
			<ymax>157</ymax>
		</bndbox>
	</object>
</annotation>
