<annotation>
	<folder>www.google.com</folder>
	<filename>images342.jpg</filename>
	<path>C:\Users\HP\Downloads\www.google.com\images342.jpg</path>
	<source>
		<database>Unknown</database>
	</source>
	<size>
		<width>463</width>
		<height>109</height>
		<depth>3</depth>
	</size>
	<segmented>0</segmented>
	<object>
		<name>phone</name>
		<pose>Unspecified</pose>
		<truncated>1</truncated>
		<difficult>0</difficult>
		<bndbox>
			<xmin>75</xmin>
			<ymin>1</ymin>
			<xmax>182</xmax>
			<ymax>39</ymax>
		</bndbox>
	</object>
	<object>
		<name>phone</name>
		<pose>Unspecified</pose>
		<truncated>0</truncated>
		<difficult>0</difficult>
		<bndbox>
			<xmin>227</xmin>
			<ymin>4</ymin>
			<xmax>342</xmax>
			<ymax>49</ymax>
		</bndbox>
	</object>
	<object>
		<name>phone</name>
		<pose>Unspecified</pose>
		<truncated>1</truncated>
		<difficult>0</difficult>
		<bndbox>
			<xmin>297</xmin>
			<ymin>55</ymin>
			<xmax>412</xmax>
			<ymax>109</ymax>
		</bndbox>
	</object>
</annotation>
