<annotation>
	<folder>www.google.com</folder>
	<filename>images313.jpg</filename>
	<path>C:\Users\HP\Downloads\www.google.com\images313.jpg</path>
	<source>
		<database>Unknown</database>
	</source>
	<size>
		<width>271</width>
		<height>186</height>
		<depth>3</depth>
	</size>
	<segmented>0</segmented>
	<object>
		<name>phone</name>
		<pose>Unspecified</pose>
		<truncated>0</truncated>
		<difficult>0</difficult>
		<bndbox>
			<xmin>33</xmin>
			<ymin>12</ymin>
			<xmax>240</xmax>
			<ymax>183</ymax>
		</bndbox>
	</object>
</annotation>
