<annotation>
	<folder>www.google.com</folder>
	<filename>images226.jpg</filename>
	<path>C:\Users\HP\Downloads\www.google.com\images226.jpg</path>
	<source>
		<database>Unknown</database>
	</source>
	<size>
		<width>349</width>
		<height>144</height>
		<depth>3</depth>
	</size>
	<segmented>0</segmented>
	<object>
		<name>phone</name>
		<pose>Unspecified</pose>
		<truncated>1</truncated>
		<difficult>0</difficult>
		<bndbox>
			<xmin>113</xmin>
			<ymin>59</ymin>
			<xmax>211</xmax>
			<ymax>144</ymax>
		</bndbox>
	</object>
</annotation>
