<annotation>
	<folder>www.google.com</folder>
	<filename>images0.jpg</filename>
	<path>C:\Users\HP\Downloads\www.google.com\images0.jpg</path>
	<source>
		<database>Unknown</database>
	</source>
	<size>
		<width>235</width>
		<height>215</height>
		<depth>3</depth>
	</size>
	<segmented>0</segmented>
	<object>
		<name>phone</name>
		<pose>Unspecified</pose>
		<truncated>1</truncated>
		<difficult>0</difficult>
		<bndbox>
			<xmin>29</xmin>
			<ymin>93</ymin>
			<xmax>235</xmax>
			<ymax>152</ymax>
		</bndbox>
	</object>
</annotation>
