<annotation>
	<folder>www.google.com</folder>
	<filename>images69.jpg</filename>
	<path>C:\Users\HP\Downloads\www.google.com\images69.jpg</path>
	<source>
		<database>Unknown</database>
	</source>
	<size>
		<width>311</width>
		<height>162</height>
		<depth>3</depth>
	</size>
	<segmented>0</segmented>
	<object>
		<name>phone</name>
		<pose>Unspecified</pose>
		<truncated>0</truncated>
		<difficult>0</difficult>
		<bndbox>
			<xmin>97</xmin>
			<ymin>43</ymin>
			<xmax>168</xmax>
			<ymax>94</ymax>
		</bndbox>
	</object>
</annotation>
