<annotation>
	<folder>www.google.com</folder>
	<filename>images299.jpg</filename>
	<path>C:\Users\HP\Downloads\www.google.com\images299.jpg</path>
	<source>
		<database>Unknown</database>
	</source>
	<size>
		<width>321</width>
		<height>157</height>
		<depth>3</depth>
	</size>
	<segmented>0</segmented>
	<object>
		<name>phone</name>
		<pose>Unspecified</pose>
		<truncated>0</truncated>
		<difficult>0</difficult>
		<bndbox>
			<xmin>4</xmin>
			<ymin>57</ymin>
			<xmax>317</xmax>
			<ymax>106</ymax>
		</bndbox>
	</object>
</annotation>
