<annotation>
	<folder>www.google.com</folder>
	<filename>images222.jpg</filename>
	<path>C:\Users\HP\Downloads\www.google.com\images222.jpg</path>
	<source>
		<database>Unknown</database>
	</source>
	<size>
		<width>225</width>
		<height>225</height>
		<depth>3</depth>
	</size>
	<segmented>0</segmented>
	<object>
		<name>phone</name>
		<pose>Unspecified</pose>
		<truncated>0</truncated>
		<difficult>0</difficult>
		<bndbox>
			<xmin>63</xmin>
			<ymin>8</ymin>
			<xmax>164</xmax>
			<ymax>139</ymax>
		</bndbox>
	</object>
</annotation>
