<annotation>
	<folder>www.google.com</folder>
	<filename>images133.jpg</filename>
	<path>C:\Users\HP\Downloads\www.google.com\images133.jpg</path>
	<source>
		<database>Unknown</database>
	</source>
	<size>
		<width>262</width>
		<height>193</height>
		<depth>3</depth>
	</size>
	<segmented>0</segmented>
	<object>
		<name>phone</name>
		<pose>Unspecified</pose>
		<truncated>0</truncated>
		<difficult>0</difficult>
		<bndbox>
			<xmin>12</xmin>
			<ymin>23</ymin>
			<xmax>66</xmax>
			<ymax>94</ymax>
		</bndbox>
	</object>
</annotation>
