<annotation>
	<folder>www.google.com</folder>
	<filename>images56.jpg</filename>
	<path>C:\Users\HP\Downloads\www.google.com\images56.jpg</path>
	<source>
		<database>Unknown</database>
	</source>
	<size>
		<width>228</width>
		<height>221</height>
		<depth>3</depth>
	</size>
	<segmented>0</segmented>
	<object>
		<name>phone</name>
		<pose>Unspecified</pose>
		<truncated>0</truncated>
		<difficult>0</difficult>
		<bndbox>
			<xmin>21</xmin>
			<ymin>9</ymin>
			<xmax>217</xmax>
			<ymax>218</ymax>
		</bndbox>
	</object>
</annotation>
