<annotation>
	<folder>www.google.com</folder>
	<filename>images40.jpg</filename>
	<path>C:\Users\HP\Downloads\www.google.com\images40.jpg</path>
	<source>
		<database>Unknown</database>
	</source>
	<size>
		<width>275</width>
		<height>183</height>
		<depth>3</depth>
	</size>
	<segmented>0</segmented>
	<object>
		<name>phone</name>
		<pose>Unspecified</pose>
		<truncated>0</truncated>
		<difficult>0</difficult>
		<bndbox>
			<xmin>87</xmin>
			<ymin>34</ymin>
			<xmax>200</xmax>
			<ymax>142</ymax>
		</bndbox>
	</object>
	<object>
		<name>phone</name>
		<pose>Unspecified</pose>
		<truncated>1</truncated>
		<difficult>0</difficult>
		<bndbox>
			<xmin>62</xmin>
			<ymin>129</ymin>
			<xmax>129</xmax>
			<ymax>183</ymax>
		</bndbox>
	</object>
</annotation>
