<annotation>
	<folder>www.google.com</folder>
	<filename>images260.jpg</filename>
	<path>C:\Users\HP\Downloads\www.google.com\images260.jpg</path>
	<source>
		<database>Unknown</database>
	</source>
	<size>
		<width>259</width>
		<height>194</height>
		<depth>3</depth>
	</size>
	<segmented>0</segmented>
	<object>
		<name>phone</name>
		<pose>Unspecified</pose>
		<truncated>1</truncated>
		<difficult>0</difficult>
		<bndbox>
			<xmin>89</xmin>
			<ymin>22</ymin>
			<xmax>206</xmax>
			<ymax>194</ymax>
		</bndbox>
	</object>
</annotation>
