<annotation>
	<folder>www.google.com</folder>
	<filename>images351.jpg</filename>
	<path>C:\Users\HP\Downloads\www.google.com\images351.jpg</path>
	<source>
		<database>Unknown</database>
	</source>
	<size>
		<width>275</width>
		<height>183</height>
		<depth>3</depth>
	</size>
	<segmented>0</segmented>
	<object>
		<name>phone</name>
		<pose>Unspecified</pose>
		<truncated>1</truncated>
		<difficult>0</difficult>
		<bndbox>
			<xmin>109</xmin>
			<ymin>53</ymin>
			<xmax>181</xmax>
			<ymax>183</ymax>
		</bndbox>
	</object>
</annotation>
