<annotation>
	<folder>www.google.com</folder>
	<filename>image6.jpeg</filename>
	<path>C:\Users\HP\Downloads\www.google.com\image6.jpeg</path>
	<source>
		<database>Unknown</database>
	</source>
	<size>
		<width>299</width>
		<height>168</height>
		<depth>3</depth>
	</size>
	<segmented>0</segmented>
	<object>
		<name>phone</name>
		<pose>Unspecified</pose>
		<truncated>0</truncated>
		<difficult>0</difficult>
		<bndbox>
			<xmin>148</xmin>
			<ymin>47</ymin>
			<xmax>274</xmax>
			<ymax>100</ymax>
		</bndbox>
	</object>
</annotation>
