<annotation>
	<folder>www.google.com</folder>
	<filename>images68.jpg</filename>
	<path>C:\Users\HP\Downloads\www.google.com\images68.jpg</path>
	<source>
		<database>Unknown</database>
	</source>
	<size>
		<width>264</width>
		<height>191</height>
		<depth>3</depth>
	</size>
	<segmented>0</segmented>
	<object>
		<name>phone</name>
		<pose>Unspecified</pose>
		<truncated>0</truncated>
		<difficult>0</difficult>
		<bndbox>
			<xmin>60</xmin>
			<ymin>19</ymin>
			<xmax>179</xmax>
			<ymax>111</ymax>
		</bndbox>
	</object>
</annotation>
