<annotation>
	<folder>www.google.com</folder>
	<filename>images51.jpg</filename>
	<path>C:\Users\HP\Downloads\www.google.com\images51.jpg</path>
	<source>
		<database>Unknown</database>
	</source>
	<size>
		<width>275</width>
		<height>183</height>
		<depth>3</depth>
	</size>
	<segmented>0</segmented>
	<object>
		<name>phone</name>
		<pose>Unspecified</pose>
		<truncated>0</truncated>
		<difficult>0</difficult>
		<bndbox>
			<xmin>58</xmin>
			<ymin>64</ymin>
			<xmax>147</xmax>
			<ymax>134</ymax>
		</bndbox>
	</object>
	<object>
		<name>phone</name>
		<pose>Unspecified</pose>
		<truncated>0</truncated>
		<difficult>0</difficult>
		<bndbox>
			<xmin>148</xmin>
			<ymin>75</ymin>
			<xmax>246</xmax>
			<ymax>168</ymax>
		</bndbox>
	</object>
	<object>
		<name>phone</name>
		<pose>Unspecified</pose>
		<truncated>0</truncated>
		<difficult>0</difficult>
		<bndbox>
			<xmin>134</xmin>
			<ymin>46</ymin>
			<xmax>192</xmax>
			<ymax>66</ymax>
		</bndbox>
	</object>
</annotation>
