<annotation>
	<folder>www.google.com</folder>
	<filename>images353.jpg</filename>
	<path>C:\Users\HP\Downloads\www.google.com\images353.jpg</path>
	<source>
		<database>Unknown</database>
	</source>
	<size>
		<width>296</width>
		<height>170</height>
		<depth>3</depth>
	</size>
	<segmented>0</segmented>
	<object>
		<name>phone</name>
		<pose>Unspecified</pose>
		<truncated>1</truncated>
		<difficult>0</difficult>
		<bndbox>
			<xmin>33</xmin>
			<ymin>2</ymin>
			<xmax>293</xmax>
			<ymax>170</ymax>
		</bndbox>
	</object>
</annotation>
