<annotation>
	<folder>www.google.com</folder>
	<filename>images198.jpg</filename>
	<path>C:\Users\HP\Downloads\www.google.com\images198.jpg</path>
	<source>
		<database>Unknown</database>
	</source>
	<size>
		<width>279</width>
		<height>181</height>
		<depth>3</depth>
	</size>
	<segmented>0</segmented>
	<object>
		<name>phone</name>
		<pose>Unspecified</pose>
		<truncated>0</truncated>
		<difficult>0</difficult>
		<bndbox>
			<xmin>15</xmin>
			<ymin>3</ymin>
			<xmax>266</xmax>
			<ymax>164</ymax>
		</bndbox>
	</object>
</annotation>
