<annotation>
	<folder>www.google.com</folder>
	<filename>images35.jpg</filename>
	<path>C:\Users\HP\Downloads\www.google.com\images35.jpg</path>
	<source>
		<database>Unknown</database>
	</source>
	<size>
		<width>194</width>
		<height>260</height>
		<depth>3</depth>
	</size>
	<segmented>0</segmented>
	<object>
		<name>phone</name>
		<pose>Unspecified</pose>
		<truncated>0</truncated>
		<difficult>0</difficult>
		<bndbox>
			<xmin>5</xmin>
			<ymin>71</ymin>
			<xmax>144</xmax>
			<ymax>244</ymax>
		</bndbox>
	</object>
</annotation>
