<annotation>
	<folder>www.google.com</folder>
	<filename>image18.jpeg</filename>
	<path>C:\Users\HP\Downloads\www.google.com\image18.jpeg</path>
	<source>
		<database>Unknown</database>
	</source>
	<size>
		<width>268</width>
		<height>188</height>
		<depth>3</depth>
	</size>
	<segmented>0</segmented>
	<object>
		<name>phone</name>
		<pose>Unspecified</pose>
		<truncated>0</truncated>
		<difficult>0</difficult>
		<bndbox>
			<xmin>83</xmin>
			<ymin>21</ymin>
			<xmax>190</xmax>
			<ymax>77</ymax>
		</bndbox>
	</object>
</annotation>
