<annotation>
	<folder>www.google.com</folder>
	<filename>images427.jpg</filename>
	<path>C:\Users\HP\Downloads\www.google.com\images427.jpg</path>
	<source>
		<database>Unknown</database>
	</source>
	<size>
		<width>275</width>
		<height>183</height>
		<depth>3</depth>
	</size>
	<segmented>0</segmented>
	<object>
		<name>phone</name>
		<pose>Unspecified</pose>
		<truncated>0</truncated>
		<difficult>0</difficult>
		<bndbox>
			<xmin>88</xmin>
			<ymin>47</ymin>
			<xmax>158</xmax>
			<ymax>71</ymax>
		</bndbox>
	</object>
	<object>
		<name>phone</name>
		<pose>Unspecified</pose>
		<truncated>0</truncated>
		<difficult>0</difficult>
		<bndbox>
			<xmin>126</xmin>
			<ymin>63</ymin>
			<xmax>220</xmax>
			<ymax>143</ymax>
		</bndbox>
	</object>
	<object>
		<name>phone</name>
		<pose>Unspecified</pose>
		<truncated>0</truncated>
		<difficult>0</difficult>
		<bndbox>
			<xmin>25</xmin>
			<ymin>72</ymin>
			<xmax>125</xmax>
			<ymax>169</ymax>
		</bndbox>
	</object>
</annotation>
