<annotation>
	<folder>www.google.com</folder>
	<filename>images132.jpg</filename>
	<path>C:\Users\HP\Downloads\www.google.com\images132.jpg</path>
	<source>
		<database>Unknown</database>
	</source>
	<size>
		<width>275</width>
		<height>183</height>
		<depth>3</depth>
	</size>
	<segmented>0</segmented>
	<object>
		<name>phone</name>
		<pose>Unspecified</pose>
		<truncated>0</truncated>
		<difficult>0</difficult>
		<bndbox>
			<xmin>19</xmin>
			<ymin>52</ymin>
			<xmax>84</xmax>
			<ymax>91</ymax>
		</bndbox>
	</object>
	<object>
		<name>phone</name>
		<pose>Unspecified</pose>
		<truncated>0</truncated>
		<difficult>0</difficult>
		<bndbox>
			<xmin>95</xmin>
			<ymin>61</ymin>
			<xmax>165</xmax>
			<ymax>104</ymax>
		</bndbox>
	</object>
</annotation>
