<annotation>
	<folder>www.google.com</folder>
	<filename>images183.jpg</filename>
	<path>C:\Users\HP\Downloads\www.google.com\images183.jpg</path>
	<source>
		<database>Unknown</database>
	</source>
	<size>
		<width>259</width>
		<height>194</height>
		<depth>3</depth>
	</size>
	<segmented>0</segmented>
	<object>
		<name>phone</name>
		<pose>Unspecified</pose>
		<truncated>0</truncated>
		<difficult>0</difficult>
		<bndbox>
			<xmin>67</xmin>
			<ymin>6</ymin>
			<xmax>165</xmax>
			<ymax>169</ymax>
		</bndbox>
	</object>
</annotation>
