<annotation>
	<folder>www.google.com</folder>
	<filename>images239.jpg</filename>
	<path>C:\Users\HP\Downloads\www.google.com\images239.jpg</path>
	<source>
		<database>Unknown</database>
	</source>
	<size>
		<width>292</width>
		<height>173</height>
		<depth>3</depth>
	</size>
	<segmented>0</segmented>
	<object>
		<name>phone</name>
		<pose>Unspecified</pose>
		<truncated>0</truncated>
		<difficult>0</difficult>
		<bndbox>
			<xmin>77</xmin>
			<ymin>4</ymin>
			<xmax>276</xmax>
			<ymax>172</ymax>
		</bndbox>
	</object>
</annotation>
