<annotation>
	<folder>www.google.com</folder>
	<filename>images63.jpg</filename>
	<path>C:\Users\HP\Downloads\www.google.com\images63.jpg</path>
	<source>
		<database>Unknown</database>
	</source>
	<size>
		<width>267</width>
		<height>189</height>
		<depth>3</depth>
	</size>
	<segmented>0</segmented>
	<object>
		<name>phone</name>
		<pose>Unspecified</pose>
		<truncated>0</truncated>
		<difficult>0</difficult>
		<bndbox>
			<xmin>102</xmin>
			<ymin>21</ymin>
			<xmax>166</xmax>
			<ymax>119</ymax>
		</bndbox>
	</object>
</annotation>
