<annotation>
	<folder>www.google.com</folder>
	<filename>images163.jpg</filename>
	<path>C:\Users\HP\Downloads\www.google.com\images163.jpg</path>
	<source>
		<database>Unknown</database>
	</source>
	<size>
		<width>267</width>
		<height>189</height>
		<depth>3</depth>
	</size>
	<segmented>0</segmented>
	<object>
		<name>phone</name>
		<pose>Unspecified</pose>
		<truncated>0</truncated>
		<difficult>0</difficult>
		<bndbox>
			<xmin>66</xmin>
			<ymin>42</ymin>
			<xmax>234</xmax>
			<ymax>139</ymax>
		</bndbox>
	</object>
</annotation>
