<annotation>
	<folder>www.google.com</folder>
	<filename>images33.jpg</filename>
	<path>C:\Users\HP\Downloads\www.google.com\images33.jpg</path>
	<source>
		<database>Unknown</database>
	</source>
	<size>
		<width>259</width>
		<height>194</height>
		<depth>3</depth>
	</size>
	<segmented>0</segmented>
	<object>
		<name>phone</name>
		<pose>Unspecified</pose>
		<truncated>0</truncated>
		<difficult>0</difficult>
		<bndbox>
			<xmin>79</xmin>
			<ymin>10</ymin>
			<xmax>234</xmax>
			<ymax>190</ymax>
		</bndbox>
	</object>
</annotation>
