<annotation>
	<folder>www.google.com</folder>
	<filename>images362.jpg</filename>
	<path>C:\Users\HP\Downloads\www.google.com\images362.jpg</path>
	<source>
		<database>Unknown</database>
	</source>
	<size>
		<width>225</width>
		<height>225</height>
		<depth>3</depth>
	</size>
	<segmented>0</segmented>
	<object>
		<name>phone</name>
		<pose>Unspecified</pose>
		<truncated>0</truncated>
		<difficult>0</difficult>
		<bndbox>
			<xmin>46</xmin>
			<ymin>7</ymin>
			<xmax>174</xmax>
			<ymax>204</ymax>
		</bndbox>
	</object>
</annotation>
