<annotation>
	<folder>www.google.com</folder>
	<filename>images421.jpg</filename>
	<path>C:\Users\HP\Downloads\www.google.com\images421.jpg</path>
	<source>
		<database>Unknown</database>
	</source>
	<size>
		<width>276</width>
		<height>183</height>
		<depth>3</depth>
	</size>
	<segmented>0</segmented>
	<object>
		<name>phone</name>
		<pose>Unspecified</pose>
		<truncated>0</truncated>
		<difficult>0</difficult>
		<bndbox>
			<xmin>35</xmin>
			<ymin>8</ymin>
			<xmax>136</xmax>
			<ymax>178</ymax>
		</bndbox>
	</object>
	<object>
		<name>phone</name>
		<pose>Unspecified</pose>
		<truncated>0</truncated>
		<difficult>0</difficult>
		<bndbox>
			<xmin>165</xmin>
			<ymin>14</ymin>
			<xmax>246</xmax>
			<ymax>168</ymax>
		</bndbox>
	</object>
</annotation>
