<annotation>
	<folder>www.google.com</folder>
	<filename>images424.jpg</filename>
	<path>C:\Users\HP\Downloads\www.google.com\images424.jpg</path>
	<source>
		<database>Unknown</database>
	</source>
	<size>
		<width>284</width>
		<height>177</height>
		<depth>3</depth>
	</size>
	<segmented>0</segmented>
	<object>
		<name>phone</name>
		<pose>Unspecified</pose>
		<truncated>1</truncated>
		<difficult>0</difficult>
		<bndbox>
			<xmin>81</xmin>
			<ymin>12</ymin>
			<xmax>215</xmax>
			<ymax>177</ymax>
		</bndbox>
	</object>
</annotation>
