<annotation>
	<folder>www.google.com</folder>
	<filename>images52.jpg</filename>
	<path>C:\Users\HP\Downloads\www.google.com\images52.jpg</path>
	<source>
		<database>Unknown</database>
	</source>
	<size>
		<width>242</width>
		<height>208</height>
		<depth>3</depth>
	</size>
	<segmented>0</segmented>
	<object>
		<name>phone</name>
		<pose>Unspecified</pose>
		<truncated>0</truncated>
		<difficult>0</difficult>
		<bndbox>
			<xmin>73</xmin>
			<ymin>4</ymin>
			<xmax>179</xmax>
			<ymax>201</ymax>
		</bndbox>
	</object>
</annotation>
