<annotation>
	<folder>www.google.com</folder>
	<filename>images259.jpg</filename>
	<path>C:\Users\HP\Downloads\www.google.com\images259.jpg</path>
	<source>
		<database>Unknown</database>
	</source>
	<size>
		<width>280</width>
		<height>180</height>
		<depth>3</depth>
	</size>
	<segmented>0</segmented>
	<object>
		<name>phone</name>
		<pose>Unspecified</pose>
		<truncated>0</truncated>
		<difficult>0</difficult>
		<bndbox>
			<xmin>145</xmin>
			<ymin>12</ymin>
			<xmax>195</xmax>
			<ymax>93</ymax>
		</bndbox>
	</object>
</annotation>
