<annotation>
	<folder>www.google.com</folder>
	<filename>images154.jpg</filename>
	<path>C:\Users\HP\Downloads\www.google.com\images154.jpg</path>
	<source>
		<database>Unknown</database>
	</source>
	<size>
		<width>303</width>
		<height>166</height>
		<depth>3</depth>
	</size>
	<segmented>0</segmented>
	<object>
		<name>phone</name>
		<pose>Unspecified</pose>
		<truncated>0</truncated>
		<difficult>0</difficult>
		<bndbox>
			<xmin>47</xmin>
			<ymin>59</ymin>
			<xmax>120</xmax>
			<ymax>106</ymax>
		</bndbox>
	</object>
	<object>
		<name>phone</name>
		<pose>Unspecified</pose>
		<truncated>0</truncated>
		<difficult>0</difficult>
		<bndbox>
			<xmin>193</xmin>
			<ymin>93</ymin>
			<xmax>251</xmax>
			<ymax>121</ymax>
		</bndbox>
	</object>
</annotation>
