<annotation>
	<folder>www.google.com</folder>
	<filename>images375.jpg</filename>
	<path>C:\Users\HP\Downloads\www.google.com\images375.jpg</path>
	<source>
		<database>Unknown</database>
	</source>
	<size>
		<width>194</width>
		<height>259</height>
		<depth>3</depth>
	</size>
	<segmented>0</segmented>
	<object>
		<name>phone</name>
		<pose>Unspecified</pose>
		<truncated>1</truncated>
		<difficult>0</difficult>
		<bndbox>
			<xmin>1</xmin>
			<ymin>88</ymin>
			<xmax>45</xmax>
			<ymax>259</ymax>
		</bndbox>
	</object>
</annotation>
