<annotation>
	<folder>www.google.com</folder>
	<filename>images337.jpg</filename>
	<path>C:\Users\HP\Downloads\www.google.com\images337.jpg</path>
	<source>
		<database>Unknown</database>
	</source>
	<size>
		<width>298</width>
		<height>169</height>
		<depth>3</depth>
	</size>
	<segmented>0</segmented>
	<object>
		<name>phone</name>
		<pose>Unspecified</pose>
		<truncated>1</truncated>
		<difficult>0</difficult>
		<bndbox>
			<xmin>45</xmin>
			<ymin>6</ymin>
			<xmax>259</xmax>
			<ymax>169</ymax>
		</bndbox>
	</object>
</annotation>
