<annotation>
	<folder>www.google.com</folder>
	<filename>images430.jpg</filename>
	<path>C:\Users\HP\Downloads\www.google.com\images430.jpg</path>
	<source>
		<database>Unknown</database>
	</source>
	<size>
		<width>299</width>
		<height>168</height>
		<depth>3</depth>
	</size>
	<segmented>0</segmented>
	<object>
		<name>phone</name>
		<pose>Unspecified</pose>
		<truncated>0</truncated>
		<difficult>0</difficult>
		<bndbox>
			<xmin>117</xmin>
			<ymin>41</ymin>
			<xmax>199</xmax>
			<ymax>166</ymax>
		</bndbox>
	</object>
</annotation>
