<annotation>
	<folder>www.google.com</folder>
	<filename>images406.jpg</filename>
	<path>C:\Users\HP\Downloads\www.google.com\images406.jpg</path>
	<source>
		<database>Unknown</database>
	</source>
	<size>
		<width>225</width>
		<height>225</height>
		<depth>3</depth>
	</size>
	<segmented>0</segmented>
	<object>
		<name>phone</name>
		<pose>Unspecified</pose>
		<truncated>0</truncated>
		<difficult>0</difficult>
		<bndbox>
			<xmin>2</xmin>
			<ymin>163</ymin>
			<xmax>127</xmax>
			<ymax>223</ymax>
		</bndbox>
	</object>
	<object>
		<name>phone</name>
		<pose>Unspecified</pose>
		<truncated>0</truncated>
		<difficult>0</difficult>
		<bndbox>
			<xmin>75</xmin>
			<ymin>121</ymin>
			<xmax>178</xmax>
			<ymax>173</ymax>
		</bndbox>
	</object>
</annotation>
