<annotation>
	<folder>www.google.com</folder>
	<filename>image17.jpeg</filename>
	<path>C:\Users\HP\Downloads\www.google.com\image17.jpeg</path>
	<source>
		<database>Unknown</database>
	</source>
	<size>
		<width>291</width>
		<height>173</height>
		<depth>3</depth>
	</size>
	<segmented>0</segmented>
	<object>
		<name>phone</name>
		<pose>Unspecified</pose>
		<truncated>0</truncated>
		<difficult>0</difficult>
		<bndbox>
			<xmin>51</xmin>
			<ymin>3</ymin>
			<xmax>153</xmax>
			<ymax>123</ymax>
		</bndbox>
	</object>
</annotation>
