<annotation>
	<folder>www.google.com</folder>
	<filename>images29.jpg</filename>
	<path>C:\Users\HP\Downloads\www.google.com\images29.jpg</path>
	<source>
		<database>Unknown</database>
	</source>
	<size>
		<width>285</width>
		<height>177</height>
		<depth>3</depth>
	</size>
	<segmented>0</segmented>
	<object>
		<name>phone</name>
		<pose>Unspecified</pose>
		<truncated>0</truncated>
		<difficult>0</difficult>
		<bndbox>
			<xmin>28</xmin>
			<ymin>7</ymin>
			<xmax>268</xmax>
			<ymax>174</ymax>
		</bndbox>
	</object>
</annotation>
