<annotation>
	<folder>www.google.com</folder>
	<filename>images145.jpg</filename>
	<path>C:\Users\HP\Downloads\www.google.com\images145.jpg</path>
	<source>
		<database>Unknown</database>
	</source>
	<size>
		<width>259</width>
		<height>195</height>
		<depth>3</depth>
	</size>
	<segmented>0</segmented>
	<object>
		<name>phone</name>
		<pose>Unspecified</pose>
		<truncated>0</truncated>
		<difficult>0</difficult>
		<bndbox>
			<xmin>165</xmin>
			<ymin>62</ymin>
			<xmax>216</xmax>
			<ymax>85</ymax>
		</bndbox>
	</object>
	<object>
		<name>phone</name>
		<pose>Unspecified</pose>
		<truncated>0</truncated>
		<difficult>0</difficult>
		<bndbox>
			<xmin>201</xmin>
			<ymin>83</ymin>
			<xmax>234</xmax>
			<ymax>113</ymax>
		</bndbox>
	</object>
</annotation>
