<annotation>
	<folder>www.google.com</folder>
	<filename>images30.jpg</filename>
	<path>C:\Users\HP\Downloads\www.google.com\images30.jpg</path>
	<source>
		<database>Unknown</database>
	</source>
	<size>
		<width>275</width>
		<height>183</height>
		<depth>3</depth>
	</size>
	<segmented>0</segmented>
	<object>
		<name>phone</name>
		<pose>Unspecified</pose>
		<truncated>0</truncated>
		<difficult>0</difficult>
		<bndbox>
			<xmin>122</xmin>
			<ymin>13</ymin>
			<xmax>240</xmax>
			<ymax>168</ymax>
		</bndbox>
	</object>
</annotation>
