<annotation>
	<folder>www.google.com</folder>
	<filename>images383.jpg</filename>
	<path>C:\Users\HP\Downloads\www.google.com\images383.jpg</path>
	<source>
		<database>Unknown</database>
	</source>
	<size>
		<width>301</width>
		<height>167</height>
		<depth>3</depth>
	</size>
	<segmented>0</segmented>
	<object>
		<name>phone</name>
		<pose>Unspecified</pose>
		<truncated>0</truncated>
		<difficult>0</difficult>
		<bndbox>
			<xmin>112</xmin>
			<ymin>27</ymin>
			<xmax>216</xmax>
			<ymax>53</ymax>
		</bndbox>
	</object>
	<object>
		<name>phone</name>
		<pose>Unspecified</pose>
		<truncated>0</truncated>
		<difficult>0</difficult>
		<bndbox>
			<xmin>93</xmin>
			<ymin>67</ymin>
			<xmax>203</xmax>
			<ymax>162</ymax>
		</bndbox>
	</object>
</annotation>
