<annotation>
	<folder>www.google.com</folder>
	<filename>images211.jpg</filename>
	<path>C:\Users\HP\Downloads\www.google.com\images211.jpg</path>
	<source>
		<database>Unknown</database>
	</source>
	<size>
		<width>183</width>
		<height>275</height>
		<depth>3</depth>
	</size>
	<segmented>0</segmented>
	<object>
		<name>phone</name>
		<pose>Unspecified</pose>
		<truncated>0</truncated>
		<difficult>0</difficult>
		<bndbox>
			<xmin>23</xmin>
			<ymin>22</ymin>
			<xmax>141</xmax>
			<ymax>198</ymax>
		</bndbox>
	</object>
</annotation>
