<annotation>
	<folder>www.google.com</folder>
	<filename>images391.jpg</filename>
	<path>C:\Users\HP\Downloads\www.google.com\images391.jpg</path>
	<source>
		<database>Unknown</database>
	</source>
	<size>
		<width>260</width>
		<height>194</height>
		<depth>3</depth>
	</size>
	<segmented>0</segmented>
	<object>
		<name>phone</name>
		<pose>Unspecified</pose>
		<truncated>0</truncated>
		<difficult>0</difficult>
		<bndbox>
			<xmin>54</xmin>
			<ymin>86</ymin>
			<xmax>190</xmax>
			<ymax>141</ymax>
		</bndbox>
	</object>
</annotation>
