<annotation>
	<folder>www.google.com</folder>
	<filename>images194.jpg</filename>
	<path>C:\Users\HP\Downloads\www.google.com\images194.jpg</path>
	<source>
		<database>Unknown</database>
	</source>
	<size>
		<width>386</width>
		<height>130</height>
		<depth>3</depth>
	</size>
	<segmented>0</segmented>
	<object>
		<name>phone</name>
		<pose>Unspecified</pose>
		<truncated>0</truncated>
		<difficult>0</difficult>
		<bndbox>
			<xmin>93</xmin>
			<ymin>9</ymin>
			<xmax>226</xmax>
			<ymax>95</ymax>
		</bndbox>
	</object>
</annotation>
