<annotation>
	<folder>www.google.com</folder>
	<filename>images28.jpg</filename>
	<path>C:\Users\HP\Downloads\www.google.com\images28.jpg</path>
	<source>
		<database>Unknown</database>
	</source>
	<size>
		<width>297</width>
		<height>170</height>
		<depth>3</depth>
	</size>
	<segmented>0</segmented>
	<object>
		<name>phone</name>
		<pose>Unspecified</pose>
		<truncated>0</truncated>
		<difficult>0</difficult>
		<bndbox>
			<xmin>11</xmin>
			<ymin>67</ymin>
			<xmax>199</xmax>
			<ymax>121</ymax>
		</bndbox>
	</object>
</annotation>
