<annotation>
	<folder>www.google.com</folder>
	<filename>images336.jpg</filename>
	<path>C:\Users\HP\Downloads\www.google.com\images336.jpg</path>
	<source>
		<database>Unknown</database>
	</source>
	<size>
		<width>472</width>
		<height>107</height>
		<depth>3</depth>
	</size>
	<segmented>0</segmented>
	<object>
		<name>phone</name>
		<pose>Unspecified</pose>
		<truncated>0</truncated>
		<difficult>0</difficult>
		<bndbox>
			<xmin>131</xmin>
			<ymin>20</ymin>
			<xmax>301</xmax>
			<ymax>94</ymax>
		</bndbox>
	</object>
</annotation>
