<annotation>
	<folder>www.google.com</folder>
	<filename>images136.jpg</filename>
	<path>C:\Users\HP\Downloads\www.google.com\images136.jpg</path>
	<source>
		<database>Unknown</database>
	</source>
	<size>
		<width>270</width>
		<height>186</height>
		<depth>3</depth>
	</size>
	<segmented>0</segmented>
	<object>
		<name>phone</name>
		<pose>Unspecified</pose>
		<truncated>0</truncated>
		<difficult>0</difficult>
		<bndbox>
			<xmin>52</xmin>
			<ymin>9</ymin>
			<xmax>240</xmax>
			<ymax>161</ymax>
		</bndbox>
	</object>
</annotation>
