<annotation>
	<folder>www.google.com</folder>
	<filename>image4.jpeg</filename>
	<path>C:\Users\HP\Downloads\www.google.com\image4.jpeg</path>
	<source>
		<database>Unknown</database>
	</source>
	<size>
		<width>309</width>
		<height>163</height>
		<depth>3</depth>
	</size>
	<segmented>0</segmented>
	<object>
		<name>phone</name>
		<pose>Unspecified</pose>
		<truncated>0</truncated>
		<difficult>0</difficult>
		<bndbox>
			<xmin>114</xmin>
			<ymin>35</ymin>
			<xmax>177</xmax>
			<ymax>85</ymax>
		</bndbox>
	</object>
</annotation>
