<annotation>
	<folder>www.google.com</folder>
	<filename>images331.jpg</filename>
	<path>C:\Users\HP\Downloads\www.google.com\images331.jpg</path>
	<source>
		<database>Unknown</database>
	</source>
	<size>
		<width>274</width>
		<height>184</height>
		<depth>3</depth>
	</size>
	<segmented>0</segmented>
	<object>
		<name>phone</name>
		<pose>Unspecified</pose>
		<truncated>0</truncated>
		<difficult>0</difficult>
		<bndbox>
			<xmin>120</xmin>
			<ymin>14</ymin>
			<xmax>233</xmax>
			<ymax>138</ymax>
		</bndbox>
	</object>
</annotation>
