<annotation>
	<folder>www.google.com</folder>
	<filename>images254.jpg</filename>
	<path>C:\Users\HP\Downloads\www.google.com\images254.jpg</path>
	<source>
		<database>Unknown</database>
	</source>
	<size>
		<width>298</width>
		<height>169</height>
		<depth>3</depth>
	</size>
	<segmented>0</segmented>
	<object>
		<name>phone</name>
		<pose>Unspecified</pose>
		<truncated>0</truncated>
		<difficult>0</difficult>
		<bndbox>
			<xmin>156</xmin>
			<ymin>40</ymin>
			<xmax>207</xmax>
			<ymax>124</ymax>
		</bndbox>
	</object>
</annotation>
