<annotation>
	<folder>www.google.com</folder>
	<filename>image.jpeg</filename>
	<path>C:\Users\HP\Downloads\www.google.com\image.jpeg</path>
	<source>
		<database>Unknown</database>
	</source>
	<size>
		<width>299</width>
		<height>168</height>
		<depth>3</depth>
	</size>
	<segmented>0</segmented>
	<object>
		<name>phone</name>
		<pose>Unspecified</pose>
		<truncated>0</truncated>
		<difficult>0</difficult>
		<bndbox>
			<xmin>73</xmin>
			<ymin>23</ymin>
			<xmax>250</xmax>
			<ymax>116</ymax>
		</bndbox>
	</object>
</annotation>
